{
  "listTest1" : [1, 2],
  "listTest2" : ["a", "b", "c"],
  "listTest3" : [1, 2, 3],
  "listTest4" : [true, false],
  "booleanTest1" : false,
  "booleanTest2" : true,
  "stringTest1" : null,
  "stringTest2" : "",
  "stringTest3" : "字符串",
  "intTest1" : 1,
  "intTest2" : -2,
  "longTest1" : 90000000000000009,
  "longTest2" : -90000000000000009,
  "floatTest1" : 1.1,
  "floatTest2" : -1.1,
  "doubleTest1" : 2.11111111111111112,
  "doubleTest2" : -2.1111111111111112
}